angle_deg,bartlett,music
-30.0,0.0635038749342152,0.0023519089318676553
-29.95,0.06377907224497649,0.002354062414833613
-29.9,0.06405393179636508,0.0023561878971671262
-29.85,0.06432834823571858,0.00235828412711634
-29.8,0.06460221563345939,0.0023603498562153264
-29.75,0.06487542752735803,0.002362383840268263
-29.7,0.06514787696750757,0.0023643848403512805
-29.65,0.06541945656199698,0.0023663516238311057
-29.6,0.06569005852327238,0.002368282965399473
-29.55,0.06595957471517397,0.0023701776481223173
-29.5,0.06622789670063475,0.002372034464502598
-29.45,0.06649491579002986,0.0023738522175556277
-29.4,0.06676052309016195,0.0023756297218956875
-29.35,0.06702460955386942,0.002377365804832652
-29.3,0.06728706603024291,0.0023790593074773034
-29.25,0.06754778331543604,0.002380709085853949
-29.2,0.06780665220405481,0.0023823140120189327
-29.15,0.06806356354111158,0.0023838729751835424
-29.1,0.06831840827452655,0.002385384882839811
-29.05,0.06857107750816183,0.0023868486618876285
-29.0,0.06882146255537128,0.0023882632597615706
-28.95,0.0690694549930493,0.0023896276455558025
-28.9,0.06931494671616212,0.002390940811145367
-28.85,0.06955782999274322,0.0023922017723021693
-28.8,0.06979799751933578,0.0023934095698039167
-28.75,0.07003534247686438,0.0023945632705342453
-28.7,0.07026975858691582,0.002395661968572284
-28.65,0.07050114016841257,0.002396704786269852
-28.6,0.07072938219465828,0.0023976908753144807
-28.55,0.07095438035073602,0.0023986194177765003
-28.5,0.07117603109124002,0.00239948962713832
-28.45,0.07139423169832021,0.002400300749304177
-28.4,0.07160888034002028,0.002401052063588504
-28.35,0.07181987612888706,0.0024017428836811783
-28.3,0.07202711918083148,0.00240237255858788
-28.25,0.07223051067421958,0.0024029404735438327
-28.2,0.0724299529091717,0.0024034460508992267
-28.15,0.0726253493670484,0.0024038887509746617
-28.1,0.07281660477010084,0.002404268072884963
-28.05,0.07300362514126388,0.0024045835553298377
-28.0,0.07318631786406797,0.002404834777349772
-27.95,0.07336459174264873,0.0024050213590457617
-27.9,0.07353835706183,0.002405142962261411
-27.85,0.07370752564725741,0.0024051992912260734
-27.8,0.07387201092555876,0.002405190093157748
-27.75,0.07403172798450844,0.0024051151588245154
-27.7,0.07418659363317015,0.002404974323063383
-27.65,0.07433652646199607,0.002404767465255514
-27.6,0.07448144690285537,0.002404494509756825
-27.55,0.07462127728897146,0.002404155426283132
-27.5,0.07475594191473875,0.002403750230249024
-27.45,0.07488536709539775,0.002403278983059789
-27.4,0.07500948122654169,0.0024027417923558002
-27.35,0.07512821484343041,0.0024021388122088694
-27.3,0.07524150068008519,0.0024014702432701763
-27.25,0.07534927372814039,0.002400736332869484
-27.2,0.07545147129542604,0.002399937375065476
-27.15,0.07554803306425448,0.0023990737106471052
-27.1,0.07563890114938808,0.002398145727086024
-27.05,0.07572402015565899,0.0023971538584401982
-27.0,0.07580333723521782,0.002396098585208969
-26.95,0.07587680214438385,0.002394980434139897
-26.9,0.07594436730007105,0.002393799977987861
-26.85,0.07600598783576402,0.002392557835226939
-26.8,0.0760616216570178,0.0023912546697157614
-26.75,0.07611122949645535,0.0023898911903170767
-26.7,0.07615477496823665,0.0023884681504723966
-26.65,0.07619222462197345,0.0023869863477326675
-26.6,0.0762235479960629,0.0023854466232460245
-26.55,0.07624871767041566,0.0023838498612037485
-26.5,0.07626770931854977,0.002382196988245664
-26.45,0.07628050175902724,0.00238048897282627
-26.4,0.076287077006205,0.002378726824542995
-26.35,0.07628742032027547,0.002376911593428023
-26.3,0.07628152025657135,0.0023750443692052317
-26.25,0.07626936871410742,0.002373126280513813
-26.2,0.07625096098333507,0.0023711584941002468
-26.15,0.07622629579308343,0.002369142213980332
-26.1,0.07619537535666185,0.002367078680573025
-26.05,0.07615820541709815,0.0023649691698078876
-26.0,0.07611479529148807,0.0023628149922080024
-25.95,0.07606515791443051,0.0023606174919502203
-25.9,0.07600930988052358,0.0023583780459046464
-25.85,0.07594727148589717,0.002356098062655305
-25.8,0.07587906676875796,0.002353778981503928
-25.75,0.07580472354892137,0.002351422271458827
-25.7,0.07572427346630739,0.0023490294302108286
-25.65,0.07563775201837669,0.0023466019830982415
-25.6,0.07554519859648261,0.0023441414820628333
-25.55,0.07544665652111564,0.002341649504598768
-25.5,0.07534217307601832,0.0023391276526964853
-25.45,0.07523179954114698,0.0023365775517834226
-25.4,0.07511559122445732,0.0023340008496635384
-25.35,0.07499360749249347,0.0023313992154574805
-25.3,0.07486591179975509,0.0023287743385453003
-25.25,0.07473257171682557,0.0023261279275135142
-25.2,0.07459365895723552,0.002323461709108314
-25.15,0.07444924940304351,0.002320777427196671
-25.1,0.07429942312911193,0.0023180768417370417
-25.05,0.07414426442605886,0.0023153617277613236
-25.0,0.07398386182186446,0.0023126338743696784
-24.95,0.07381830810211398,0.0023098950837397714
-24.9,0.07364770032885759,0.002307147170151932
-24.85,0.07347213985806708,0.0023043919590316556
-24.8,0.07329173235567413,0.002301631286010875
-24.75,0.07310658781216853,0.00229886699600927
-24.7,0.07291682055574163,0.0022961009423369135
-24.65,0.07272254926395719,0.002293334985819439
-24.6,0.07252389697393162,0.002290570993946862
-24.55,0.0723209910910106,0.0022878108400471294
-24.5,0.07211396339592309,0.0022850564024853954
-24.45,0.07190295005039934,0.002282309563889966
-24.4,0.07168809160123814,0.0022795722104057945
-24.35,0.07146953298280881,0.0022768462309763204
-24.3,0.07124742351797402,0.0022741335166544217
-24.25,0.07102191691742069,0.0022714359599431337
-24.2,0.07079317127738652,0.002268755454166791
-24.15,0.07056134907576897,0.002266093892873104
-24.1,0.07032661716660632,0.002263453169266724
-24.05,0.07008914677291957,0.0022608351756746815
-24.0,0.06984911347790398,0.002258241803044118
-23.95,0.06960669721446111,0.002255674940472619
-23.9,0.06936208225306205,0.002253136474771422
-23.85,0.06911545718793233,0.002250628290061725
-23.8,0.06886701492155178,0.002248152267404255
-23.75,0.06861695264746012,0.0022457102844622235
-23.7,0.06836547183136246,0.002243304215197743
-23.65,0.06811277819052886,0.0022409359296017314
-23.6,0.06785908167148019,0.0022386072934572933
-23.55,0.06760459642595781,0.002236320168136539
-23.5,0.06734954078517032,0.002234076410430729
-23.45,0.06709413723231566,0.0022318778724136467
-23.4,0.06683861237337337,0.002229726401338033
-23.35,0.06658319690616589,0.002227623839564892
-23.3,0.06632812558768712,0.0022255720245254722
-23.25,0.0660736371996955,0.0022235727887156644
-23.2,0.06581997451257311,0.002221627959722584
-23.15,0.0655673842474489,0.002219739360283018
-23.1,0.06531611703658924,0.0022179088083734907
-23.05,0.065066427382054,0.0022161381173315766
-23.0,0.06481857361262439,0.0022144290960081836
-22.95,0.06457281783900094,0.0022127835489504357
-22.9,0.06432942590727925,0.0022112032766148223
-22.85,0.0640886673507046,0.002209690075610258
-22.8,0.06385081533971247,0.002208245738970697
-22.75,0.06361614663025895,0.002206872056456939
-22.7,0.06338494151044814,0.002205570814887267
-22.65,0.0631574837454643,0.0022043437984965598
-22.6,0.06293406052081413,0.002203192789323523
-22.55,0.0627149623838901,0.002202119567625694
-22.5,0.06250048318386264,0.002201125912321871
-22.45,0.0622909200099102,0.0022002136014616404
-22.4,0.06208657312780006,0.002199384412721678
-22.35,0.06188774591482883,0.0021986401239285163
-22.3,0.06169474479313471,0.0021979825136074806
-22.25,0.06150787916139633,0.0021974133615575236
-22.2,0.06132746132492833,0.002196934449451681
-22.15,0.06115380642418985,0.002196547561462921
-22.1,0.06098723236172013,0.0021962544849151566
-22.05,0.06082805972751609,0.0021960570109592213
-22.0,0.06067661172286826,0.0021959569352736274
-21.95,0.060533214082672336,0.002195956058789958
-21.9,0.060398194996232925,0.00219605618844276
-21.85,0.06027188502657835,0.0021962591379438307
-21.799999999999997,0.060154617028304914,0.002196566728580834
-21.75,0.06004672606397032,0.0021969807900401876
-21.7,0.059948549319056785,0.00219750316125422
-21.65,0.05986042601552317,0.002198135691272583
-21.6,0.0597826973239707,0.0021988802401580122
-21.549999999999997,0.0597157062744406,0.002199738679906463
-21.5,0.0596597976658697,0.002200712895391771
-21.45,0.05961531797422592,0.002201804785334976
-21.4,0.05958261525934792,0.0022030162632984815
-21.35,0.05956203907051425,0.002204349258705286
-21.299999999999997,0.059553940350766804,0.0022058057178835433
-21.25,0.05955867134001481,0.0022073876051367266
-21.2,0.05957658547694666,0.0022090969038397767
-21.15,0.05960803729977534,0.0022109356175615607
-21.1,0.059653382345847154,0.0022129057712141124
-21.049999999999997,0.05971297705014115,0.00221500941222907
-21.0,0.05978717864268812,0.0022172486117618545
-20.95,0.05987634504493983,0.0022196254659241194
-20.9,0.05998083476511784,0.002222142097045075
-20.85,0.060101006792573054,0.0022248006549623316
-20.799999999999997,0.060237220491187446,0.0022276033183429656
-20.75,0.06038983549184922,0.0022305522960355223
-20.7,0.06055921158403524,0.002233649828453786
-20.65,0.060745708606532174,0.002236898188993137
-20.6,0.06094968633733016,0.0022402996854804045
-20.549999999999997,0.061171504382724326,0.002243856661658169
-20.5,0.06141152206565658,0.0022475714987045315
-20.45,0.061670098313334365,0.0022514466167894045
-20.4,0.06194759154416048,0.0022554844766684698
-20.35,0.062244359554011176,0.002259687581315991
-20.299999999999997,0.06256075940189791,0.0022640584775977233
-20.25,0.0628971472950494,0.002268599757985257
-20.2,0.06325387847345296,0.002273314062313179
-20.15,0.06363130709388971,0.002278204079580501
-20.1,0.06402978611350503,0.002283272549797891
-20.049999999999997,0.06444966717294988,0.0022885222658823217
-20.0,0.06489130047913359,0.0022939560756007906
-19.95,0.06535503468762716,0.0022995768835649064
-19.9,0.06584121678475464,0.00230538765327816
-19.85,0.06635019196941518,0.0023113914092378184
-19.799999999999997,0.06688230353467454,0.0023175912390934637
-19.75,0.06743789274916574,0.002323990295864268
-19.7,0.06801729873834135,0.0023305918002172496
-19.65,0.06862085836561739,0.0023373990428087617
-19.6,0.06924890611344983,0.0023444153866916608
-19.549999999999997,0.06990177396438696,0.002351644269790662
-19.5,0.0705797912821364,0.0023590892074484855
-19.45,0.07128328469269293,0.0023667537950455768
-19.4,0.07201257796556466,0.002374641710696214
-19.35,0.07276799189514377,0.002382756718024038
-19.299999999999997,0.07354984418226264,0.002391102669020097
-19.25,0.07435844931597758,0.002399683506986661
-19.2,0.07519411845562486,0.0024085032695702383
-19.15,0.07605715931319003,0.002417566091887296
-19.1,0.07694787603603517,0.00242687620974643
-19.049999999999997,0.07786656909002625,0.0024364379629708307
-19.0,0.07881353514310431,0.002446255798825088
-18.95,0.07978906694934391,0.0024563342755505447
-18.9,0.0807934532335414,0.0024666780660136094
-18.85,0.08182697857637768,0.002477291961471623
-18.799999999999997,0.08288992330019816,0.002488180875461077
-18.75,0.08398256335545162,0.0024993498478131687
-18.7,0.08510517020783663,0.0025108040488020047
-18.65,0.08625801072619055,0.0025225487834308253
-18.6,0.08744134707117265,0.0025345894958620383
-18.549999999999997,0.08865543658478045,0.0025469317739970124
-18.5,0.08990053168073955,0.002559581354211851
-18.45,0.09117687973581859,0.002572544126255713
-18.4,0.09248472298210207,0.002585826138318468
-18.35,0.09382429840027061,0.0025994336022748302
-18.299999999999997,0.09519583761392919,0.0026133728991124478
-18.25,0.09659956678502467,0.002627650584551725
-18.2,0.09803570651039675,0.002642273394865576
-18.15,0.09950447171950198,0.002657248252907617
-18.1,0.10100607157335421,0.0026725822743577815
-18.049999999999997,0.10254070936472442,0.0026882827741947033
-18.0,0.10410858241963501,0.00270435727340466
-17.95,0.1057098820001986,0.0027208135059373895
-17.9,0.10734479320883367,0.0027376594259194854
-17.85,0.10901349489390205,0.0027549032151366953
-17.799999999999997,0.11071615955680754,0.002772553290796901
-17.75,0.11245295326059154,0.002790618313586161
-17.7,0.11422403554007393,0.002809107196030879
-17.65,0.1160295593135662,0.0028280291111795943
-17.6,0.11786967079620435,0.0028473935016187875
-17.549999999999997,0.11974450941493768,0.0028672100888376515
-17.5,0.1216542077252056,0.0028874888829575336
-17.45,0.12359889132935022,0.002908240192842672
-17.4,0.1255786787967893,0.0029294746366093994
-17.35,0.12759368158599574,0.002951203152552226
-17.299999999999997,0.1296440039683139,0.00297343701050578
-17.25,0.13172974295364864,0.0029961878236628137
-17.2,0.13385098821806402,0.003019467560869383
-17.15,0.13600782203332343,0.0030432885594194148
-17.1,0.1382003191984056,0.003067663538372071
-17.049999999999997,0.14042854697303014,0.0030926056124164656
-17.0,0.1426925650132216,0.0031181283063096117
-16.95,0.14499242530895243,0.0031442455699148882
-16.9,0.14732817212388327,0.0031709717938695845
-16.85,0.14969984193724292,0.003198321825911833
-16.799999999999997,0.1521074633878715,0.003226310987898674
-16.75,0.1545510572204562,0.003254955093548748
-16.7,0.1570306362339927,0.0032842704669450206
-16.65,0.15954620523249285,0.003314273961834668
-16.6,0.16209776097797415,0.003344982981765511
-16.549999999999997,0.16468529214575023,0.0033764155011003502
-16.5,0.16730877928205157,0.0034085900869529335
-16.45,0.16996819476400238,0.0034415259220917705
-16.4,0.17266350276197512,0.0034752428288604142
-16.35,0.1753946592043457,0.0035097612941657583
-16.299999999999997,0.17816161174467923,0.003545102495588726
-16.25,0.18096429973135575,0.0035812883286747304
-16.2,0.18380265417966954,0.0036183414354647816
-16.15,0.1866765977464139,0.0036562852343313833
-16.1,0.18958604470697238,0.003695143951187232
-16.049999999999997,0.19253090093494266,0.0037349426521386996
-16.0,0.19551106388429493,0.0037757072776600734
-15.95,0.19852642257410089,0.0038174646783693715
-15.899999999999999,0.20157685757583313,0.003860242652491006
-15.85,0.20466224100325925,0.003904069985095808
-15.799999999999999,0.2077824365049425,0.003948976489214407
-15.75,0.2109372992593636,0.00399499304892562
-15.7,0.21412667597267135,0.004042151664527756
-15.649999999999999,0.21735040487908122,0.0040904854999073825
-15.6,0.22060831574392573,0.004140028932227046
-15.549999999999999,0.22390022986937214,0.00419081760406105
-15.5,0.2272259601028108,0.0042428884781163766
-15.45,0.23058531084792555,0.004296279894684478
-15.399999999999999,0.23397807807845253,0.004351031631978857
-15.35,0.23740404935463452,0.004407184969523162
-15.299999999999999,0.2408630038423709,0.004464782754765075
-15.25,0.24435471233507336,0.004523869473102583
-15.2,0.24787893727822854,0.004584491321521287
-15.149999999999999,0.2514354327966678,0.004646696286054315
-15.1,0.2550239447245455,0.004710534223290353
-15.049999999999999,0.25864421063803106,0.004776056946170265
-15.0,0.2622959598907057,0.0048433183143285815
-14.95,0.2659789136516699,0.004912374329253553
-14.899999999999999,0.269692784946353,0.004983283234557727
-14.85,0.27343727870002565,0.005056105621671007
-14.799999999999999,0.2772120917840061,0.005130904541289271
-14.75,0.2810169130645593,0.005207745620934836
-14.7,0.2848514234544781,0.005286697189009603
-14.649999999999999,0.28871529596733936,0.00536783040574823
-14.6,0.2926081957744293,0.005451219401507644
-14.549999999999999,0.2965297802643281,0.005536941422859886
-14.5,0.3004796991051321,0.005625076986988468
-14.45,0.30445759430932556,0.005715710044924985
-14.399999999999999,0.3084631003012607,0.0058089281542007135
-14.35,0.3124958439872551,0.005904822661530811
-14.299999999999999,0.31655544482828146,0.006003488896193304
-14.25,0.3206415149152319,0.006105026374814574
-14.2,0.32475365904675024,0.0062095390183261575
-14.149999999999999,0.32889147480960096,0.006317135381914728
-14.1,0.33305455266157136,0.006427928898850103
-14.049999999999999,0.3372424760168731,0.006542038139142942
-14.0,0.3414548213340332,0.006659587084057524
-13.95,0.3456911582062464,0.006780705417584328
-13.899999999999999,0.3499510494541694,0.006905528836063349
-13.849999999999998,0.3542340512211341,0.007034199377243245
-13.8,0.3585397130707528,0.00716686577016293
-13.75,0.36286757808689246,0.0073036838073538
-13.7,0.36721718297599065,0.007444816740981099
-13.649999999999999,0.37158805817168405,0.0075904357046750566
-13.599999999999998,0.37597972794172835,0.007740720162945762
-13.55,0.3803917104971697,0.007895858390232385
-13.5,0.38482351810375,0.00805604798180852
-13.45,0.3892746571955017,0.008221496398951915
-13.399999999999999,0.3937446284905136,0.008392421550991675
-13.349999999999998,0.39823292710882674,0.008569052417068781
-13.3,0.4027390426924274,0.008751629710691107
-13.25,0.40726245952730916,0.008940406590431748
-13.2,0.41180265666755766,0.009135649420413552
-13.149999999999999,0.4163591080614357,0.009337638584545565
-13.099999999999998,0.420931282679419,0.009546669358830974
-13.05,0.42551864464415284,0.009763052846455638
-13.0,0.4301206533622916,0.009987116980794894
-12.95,0.43473676365817315,0.010219207601946974
-12.899999999999999,0.4393664259092987,0.010459689612921704
-12.849999999999998,0.4440090861835719,0.010708948222185367
-12.8,0.4486641863782532,0.010967390279894629
-12.75,0.45333116436059645,0.01123544571585104
-12.7,0.4580094541101111,0.011513569087978837
-12.649999999999999,0.4626984858624179,0.011802241250983302
-12.599999999999998,0.4673976862546481,0.01210197115579257
-12.55,0.4721064784723436,0.01241329779143382
-12.5,0.47682428239780705,0.012736792282158736
-12.45,0.481550514759862,0.013073060153924003
-12.399999999999999,0.4862845892849729,0.013422743785769546
-12.349999999999998,0.49102591684967434,0.013786525063234077
-12.3,0.4957739056342678,0.014165128252727895
-12.25,0.500527961277731,0.014559323117766214
-12.2,0.5052874870337912,0.014969928300180362
-12.149999999999999,0.5100518839281163,0.015397814991898233
-12.099999999999998,0.5148205509165685,0.015843910925650004
-12.05,0.5195928850444708,0.016309204716052586
-12.0,0.524368281606837,0.016794750585994497
-11.95,0.5291461343095083,0.01730167351713584
-11.899999999999999,0.5339258354311467,0.01783117486770836
-11.849999999999998,0.5387067759860358,0.018384538505714594
-11.8,0.5434883458876235,0.01896313751115427
-11.75,0.5482699341127713,0.01956844150713843
-11.7,0.5530509288666337,0.020202024686776995
-11.649999999999999,0.5578307177481332,0.020865574610663642
-11.599999999999998,0.5626086879159615,0.02156090185875149
-11.55,0.5673842262550608,0.022289950630565658
-11.5,0.5721567195435209,0.02305481039920274
-11.45,0.5769255546198453,0.023857728737614603
-11.399999999999999,0.581690118550523,0.024701125450490753
-11.349999999999998,0.5864497987978496,0.02558760816189697
-11.3,0.5912039833879457,0.02651998952799834
-11.25,0.5959520610789135,0.027501306266034444
-11.2,0.6006934215290689,0.02853484021562369
-11.149999999999999,0.6054274554652009,0.02962414167691574
-11.099999999999998,0.6101535548507928,0.030773055302610545
-11.05,0.6148711130541538,0.03198574885804903
-11.0,0.6195795250163952,0.03326674520615266
-10.95,0.6242781874192023,0.034620957922779826
-10.899999999999999,0.6289664988523365,0.036053731004026424
-10.849999999999998,0.6336438599808175,0.037570883191211914
-10.799999999999997,0.6383096737117144,0.03917875751303691
-10.75,0.642963345360503,0.04088427672910918
-10.7,0.6476042828169233,0.0426950054563734
-10.649999999999999,0.6522318967102732,0.044619219871831026
-10.599999999999998,0.656845600574095,0.04666598601344333
-10.549999999999997,0.6614448110101844,0.04884524784865742
-10.5,0.6660289478518666,0.05116792644928012
-10.45,0.670597434326492,0.05364603180534879
-10.399999999999999,0.6751496972170716,0.05629278903238365
-10.349999999999998,0.6796851670230224,0.05912278097925174
-10.299999999999997,0.6842032781199416,0.06215210953109706
-10.25,0.6887034689183704,0.06539857822650746
-10.2,0.6931851820214756,0.0688818991727126
-10.149999999999999,0.6976478643816045,0.07262392764842963
-10.099999999999998,0.7020909674556499,0.0766489282301763
-10.049999999999997,0.7065139473591726,0.08098387676024464
-10.0,0.7109162650192219,0.08565880298346734
-9.95,0.7152973863258046,0.0907071791976271
-9.899999999999999,0.7196567822819423,0.09616636075850059
-9.849999999999998,0.7239939291522609,0.10207808470636497
-9.799999999999997,0.7283083086100703,0.1084890330601928
-9.75,0.7325994078828612,0.11545146734290467
-9.7,0.7368667198961845,0.12302394048261768
-9.649999999999999,0.7411097434158447,0.1312720911248324
-9.599999999999998,0.7453279831883711,0.14026952321549804
-9.549999999999997,0.7495209500796963,0.1500987699352877
-9.5,0.7536881612120058,0.1608523349097225
-9.45,0.7578291400987043,0.17263379399631357
-9.399999999999999,0.7619434167774392,0.18555892633268556
-9.349999999999998,0.7660305279411485,0.1997568216162478
-9.299999999999997,0.7700900170670665,0.2153708789334146
-9.25,0.7741214345436489,0.2325595671155085
-9.2,0.7781243377953739,0.2514967527984943
-9.149999999999999,0.7820982914053523,0.2723713143550485
-9.099999999999998,0.7860428672357286,0.29538564133188366
-9.049999999999997,0.7899576445458028,0.32075246422302855
-9.0,0.7938422101078382,0.34868926568446323
-8.95,0.7976961583205165,0.3794092968759699
-8.899999999999999,0.8015190913199799,0.4131079829869972
-8.849999999999998,0.8053106190884376,0.44994330117629805
-8.799999999999997,0.8090703595602805,0.4900086513454598
-8.75,0.8127979387256653,0.5332969844344172
-8.7,0.8164929907315361,0.5796557583485578
-8.649999999999999,0.8201551579800306,0.6287339836865092
-8.599999999999998,0.8237840912242446,0.6799255146069845
-8.549999999999997,0.8273794496613068,0.7323169345175472
-8.5,0.8309409010227393,0.7846534133044608
-8.45,0.8344681216620532,0.8353403056210219
-8.399999999999999,0.8379607966395546,0.8824993403306353
-8.349999999999998,0.8414186198043271,0.9240926722808456
-8.299999999999997,0.8448412938733468,0.9581135938561143
-8.25,0.8482285305077145,0.9828209198633635
-8.2,0.8515800503859575,0.9969721908506433
-8.149999999999999,0.8548955832743835,1.0
-8.099999999999998,0.8581748680944453,0.9920847368604022
-8.049999999999997,0.8614176529871034,0.9741052560279773
-8.0,0.8646236953741449,0.9474847734294587
-7.949999999999999,0.8677927620164388,0.9139765747500409
-7.899999999999999,0.8709246290691063,0.875442401081712
-7.849999999999998,0.8740190821335746,0.8336661245857199
-7.799999999999997,0.8770759163064965,0.7902252864588251
-7.75,0.8800949362255138,0.7464233560648665
-7.699999999999999,0.8830759561118385,0.7032724004694201
-7.649999999999999,0.8860187998096436,0.6615104502914723
-7.599999999999998,0.8889233008222308,0.621638245247043
-7.549999999999997,0.8917893023449694,0.5839634096214166
-7.5,0.8946166572949837,0.5486441894626518
-7.449999999999999,0.8974052283375769,0.5157284182075229
-7.399999999999999,0.9001548879093794,0.4851859207590472
-7.349999999999998,0.9028655182381966,0.4569341471166197
-7.299999999999997,0.9055370113595744,0.4308576671400849
-7.25,0.9081692691300239,0.40682250606557513
-7.199999999999999,0.9107622032369515,0.3846863591416671
-7.149999999999999,0.913315735205243,0.3643056348391608
-7.099999999999998,0.9158297964005168,0.3455401274926828
-7.049999999999997,0.9183043280290346,0.3282559611027305
-7.0,0.9207392811342693,0.31232730045746004
-6.949999999999999,0.9231346165901151,0.2976372030970991
-6.899999999999999,0.9254903050907566,0.28407788743957774
-6.849999999999998,0.9278063271371819,0.2715506164004826
-6.799999999999997,0.930082673020343,0.2599653384862453
-6.75,0.9323193428009674,0.2492401858582644
-6.699999999999999,0.934516346286031,0.23930089787536638
-6.649999999999999,0.9366737030018751,0.23008021630626402
-6.599999999999998,0.9387914421640033,0.2215172825247292
-6.549999999999997,0.9408696026435323,0.21355705583420784
-6.5,0.9429082329303357,0.20614976431577972
-6.449999999999999,0.9449073910928655,0.19925039428926752
-6.399999999999999,0.9468671447346797,0.19281822091469528
-6.349999999999998,0.9487875709476685,0.18681638012647028
-6.299999999999997,0.9506687562620154,0.18121148061550957
-6.25,0.9525107965928873,0.17597325368999778
-6.199999999999999,0.9543137971838795,0.17107423836518337
-6.149999999999999,0.9560778725472291,0.166489498823434
-6.099999999999998,0.9578031464008145,0.1621963713542055
-6.049999999999997,0.9594897516019616,0.15817423796463798
-6.0,0.9611378300780729,0.15440432400026774
-5.949999999999999,0.9627475327541105,0.1508695173013012
-5.899999999999999,0.9643190194769379,0.14755420662255547
-5.849999999999998,0.9658524589365696,0.14444413725106744
-5.799999999999997,0.9673480285843239,0.1415262819560314
-5.75,0.968805914547935,0.13878872559594588
-5.699999999999999,0.9702263115436284,0.13622056188482062
-5.649999999999999,0.9716094227852003,0.1338118009817106
-5.599999999999998,0.972955459890125,0.1315532867153914
-5.549999999999997,0.9742646427827284,0.1294366223890659
-5.5,0.9755371995944505,0.12745410422930237
-5.449999999999999,0.9767733665612365,0.12559866164993516
-5.399999999999999,0.9779733879180866,0.12386380359646271
-5.349999999999998,0.979137515790806,0.1222435703206454
-5.299999999999997,0.980266010084982,0.12073249000959645
-5.25,0.9813591383722361,0.1193255397596812
-5.199999999999999,0.9824171757737785,0.11801811044393316
-5.149999999999999,0.9834404048413194,0.11680597507331672
-5.099999999999998,0.9844291154353624,0.1156852602977967
-5.049999999999997,0.9853836046009303,0.11465242073351455
-5.0,0.9863041764407684,0.11370421583805118
-4.949999999999999,0.9871911419860564,0.11283768908732639
-4.899999999999999,0.9880448190646943,0.11205014923565275
-4.849999999999998,0.9888655321671832,0.1113391534652519
-4.799999999999997,0.9896536123101761,0.11070249225355015
-4.75,0.9904093968977116,0.11013817580613605
-4.699999999999999,0.9911332295802202,0.10964442192068277
-4.649999999999999,0.9918254601113108,0.10921964516268122
-4.599999999999998,0.9924864442024246,0.10886244724772602
-4.549999999999997,0.9931165433753826,0.10857160853755429
-4.5,0.9937161248128862,0.10834608056823203
-4.449999999999999,0.9942855612070307,0.1081849795389815
-4.399999999999999,0.9948252306058816,0.10808758069928007
-4.349999999999998,0.9953355162581562,0.10805331358016673
-4.299999999999997,0.9958168064560877,0.10808175802327546
-4.25,0.9962694943765154,0.10817264096807162
-4.199999999999999,0.9966939779202542,0.10832583396419428
-4.149999999999999,0.9970906595498096,0.10854135138177355
-4.099999999999998,0.997459946125499,0.10881934929817379
-4.049999999999997,0.997802248740023,0.10916012504488118
-4.0,0.9981179825515648,0.10956411740324802
-3.9499999999999993,0.9984075666154673,0.11003190744260723
-3.8999999999999986,0.9986714237145513,0.1105642199988978
-3.849999999999998,0.9989099801881358,0.11116192579646743
-3.799999999999997,0.9991236657598277,0.11182604422016662
-3.75,0.9993129133641366,0.11255774674926806
-3.6999999999999993,0.999478158971983,0.11335836106916843
-3.6499999999999986,0.9996198414151589,0.11422937588129618
-3.599999999999998,0.999738402209813,0.1151724464361896
-3.549999999999997,0.9998342853790202,0.11618940081934867
-3.5,0.9999079372744957,0.11728224702424672
-3.4499999999999993,0.9999598063975343,0.11845318085182426
-3.3999999999999986,0.9999903432192201,0.11970459468090502
-3.349999999999998,1.0,0.12103908715930754
-3.299999999999997,0.9999892306086545,0.12245947387096848
-3.25,0.9999584903407687,0.12396879904017284
-3.1999999999999993,0.9999082357367416,0.12557034834000896
-3.1499999999999986,0.999838924399414,0.1272676628784104
-3.099999999999998,0.9997510148113915,0.12906455444161866
-3.049999999999997,0.9996449661521084,0.13096512208155925
-3.0,0.9995212381147264,0.13297377014041784
-2.9499999999999993,0.9993802907229142,0.13509522781257788
-2.8999999999999986,0.9992225841475919,0.1373345703509153
-2.849999999999998,0.9990485785237042,0.1396972420311214
-2.799999999999997,0.9988587337670908,0.14218908099403416
-2.75,0.9986535093915178,0.14481634609167884
-2.6999999999999993,0.9984333643259544,0.14758574586750337
-2.6499999999999986,0.9981987567321472,0.15050446980473975
-2.599999999999998,0.9979501438225679,0.1535802219783951
-2.549999999999997,0.9976879816788071,0.15682125724536217
-2.5,0.9974127250704786,0.16023642010269917
-2.4499999999999993,0.9971248272747003,0.16383518633512567
-2.3999999999999986,0.9968247398962305,0.16762770755782952
-2.349999999999998,0.9965129126883168,0.17162485873803374
-2.299999999999997,0.9961897933743329,0.17583828874621132
-2.25,0.995855827470269,0.18028047394262747
-2.1999999999999993,0.9955114581081447,0.1849647747436344
-2.1499999999999986,0.9951571258604102,0.189905495030549
-2.099999999999998,0.9947932685654084,0.19511794415684383
-2.049999999999997,0.9944203211539595,0.20061850117023286
-2.0,0.9940387154771334,0.20642468068716055
-1.9499999999999993,0.9936488801352841,0.21255519962847158
-1.8999999999999986,0.9932512403084063,0.21903004373485982
-1.8499999999999979,0.9928462175878823,0.2258705324147977
-1.7999999999999972,0.9924342298096787,0.23309938001886812
-1.75,0.9920156908890705,0.24074075106237164
-1.6999999999999993,0.9915910106569379,0.24882030620864934
-1.6499999999999986,0.991160594697721,0.2573652349507556
-1.5999999999999979,0.9907248441890776,0.2664042698568637
-1.5499999999999972,0.9902841557433149,0.2759676759391795
-1.5,0.9898389212506572,0.2860872071282284
-1.4499999999999993,0.9893895277244089,0.29679601994375293
-1.3999999999999986,0.9889363571480793,0.3081285322110228
-1.3499999999999979,0.9884797863245128,0.32012021204439955
-1.2999999999999972,0.9880201867271088,0.3328072792890812
-1.25,0.9875579243531651,0.34622629818264183
-1.1999999999999993,0.9870933595794233,0.3604136362164115
-1.1499999999999986,0.9866268470198585,0.3754047601523902
-1.0999999999999979,0.9861587353857757,0.391233336087699
-1.0499999999999972,0.9856893673482724,0.4079300966925097
-1.0,0.9852190794031132,0.4255214357998772
-0.9499999999999993,0.9847482017380758,0.4440276891601697
-0.8999999999999986,0.9842770581028196,0.4634610614582306
-0.8499999999999979,0.9838059656813349,0.48382316506236733
-0.7999999999999972,0.9833352349670115,0.5051021472659566
-0.75,0.9828651696403866,0.5272694022162557
-0.6999999999999993,0.9823960664496192,0.5502758937975026
-0.6499999999999986,0.9819282150937406,0.5740481589543909
-0.5999999999999979,0.9814618981087196,0.5984841193389724
-0.5499999999999972,0.9809973907564024,0.623448903516019
-0.5,0.9805349609163595,0.6487709706917072
-0.4499999999999993,0.980074868980694,0.6742389247317255
-0.3999999999999986,0.9796173677518417,0.6995995036238281
-0.34999999999999787,0.9791627023434208,0.7245573077539068
-0.29999999999999716,0.9787111100841617,0.7487768672857782
-0.25,0.9782628204249489,0.7718876169133537
-0.1999999999999993,0.9778180548490398,0.7934922176629298
-0.14999999999999858,0.9773770267854655,0.8131784202851701
-0.09999999999999787,0.976939941525667,0.8305343006861253
-0.04999999999999716,0.9765069961434124,0.8451662397973685
0.0,0.9760783794179955,0.856718526381971
0.05000000000000071,0.9756542717607823,0.8648930197067496
0.10000000000000142,0.9752348451451193,0.8694670231621394
0.15000000000000213,0.9748202630396298,0.870307482482536
0.20000000000000284,0.9744106803449439,0.867379884879506
0.25,0.9740062433338691,0.8607507848758255
0.3000000000000007,0.9736070895950425,0.8505836344314445
0.3500000000000014,0.9732133479800791,0.8371284103804486
0.40000000000000213,0.9728251385542512,0.8207062547190866
0.45000000000000284,0.9724425725507049,0.8016908415992224
0.5,0.972065752328244,0.7804883867509349
0.5500000000000007,0.9716947713327083,0.7575181203372917
0.6000000000000014,0.9713297140619411,0.7331947148721116
0.6500000000000021,0.9709706560343869,0.707913693740656
0.7000000000000028,0.9706176637613129,0.6820403464248694
0.75,0.9702707947226916,0.6559022280501676
0.8000000000000007,0.9699300973467283,0.6297849757068569
0.8500000000000014,0.969595610993072,0.603930951432064
0.9000000000000021,0.9692673659396959,0.5785401148818402
0.9500000000000028,0.9689453833734696,0.5537725148244382
1.0,0.9686296753844256,0.5297518388424914
1.0500000000000007,0.9683202449637244,0.5065695474065924
1.1000000000000014,0.9680170860053221,0.4842892193728771
1.1500000000000021,0.9677201833113355,0.46295083520346064
1.2000000000000028,0.9674295126011245,0.4425748123352002
1.25,0.9671450405240686,0.4231656796785159
1.3000000000000007,0.9668667246760451,0.4047153342822144
1.3500000000000014,0.9665945136196108,0.3872058639684556
1.4000000000000021,0.9663283469078728,0.37061194752129545
1.4500000000000028,0.9660681551120418,0.35490286144764355
1.5,0.9658138598526691,0.34004413196676475
1.5500000000000007,0.9655653738345449,0.32599887494033086
1.6000000000000014,0.965322600885258,0.31272886673093797
1.6500000000000021,0.9650854359973972,0.30019538686062
1.7000000000000028,0.9648537653743839,0.28835986985291007
1.75,0.9646274664799147,0.27718439950015616
1.8000000000000007,0.9644064080910116,0.26663207448363213
1.8500000000000014,0.9641904503546344,0.25666727009211227
1.9000000000000021,0.9639794448478736,0.247255816912452
1.9500000000000028,0.9637732346416598,0.2383651138929797
2.0,0.963571654368007,0.22996419013817698
2.0500000000000043,0.9633745302907348,0.22202372717561691
2.1000000000000014,0.9631816803796568,0.2145160512161149
2.1499999999999986,0.9629929143882185,0.2074151030669939
2.200000000000003,0.9628080339345327,0.20069639181347443
2.25,0.9626268325858018,0.19433693711126893
2.3000000000000043,0.9624490959460887,0.18831520389401515
2.3500000000000014,0.9622746017474085,0.18261103245527843
2.3999999999999986,0.962103119944098,0.1772055661837823
2.450000000000003,0.9619344128104341,0.17208117868421702
2.5,0.9617682350414682,0.16722140158012855
2.5500000000000043,0.9616043338570356,0.16261085394979433
2.6000000000000014,0.961442449108892,0.15823517407366391
2.6499999999999986,0.9612823133909517,0.1540809539587281
2.700000000000003,0.9611236521525788,0.15013567693963323
2.75,0.9609661838148853,0.14638765852888286
2.8000000000000043,0.9608096198899987,0.14282599059140594
2.8500000000000014,0.9606536651032503,0.13944048884586985
2.8999999999999986,0.9604980175182316,0.13622164364122955
2.950000000000003,0.9603423686646925,0.13316057391818048
3.0,0.9601864036691986,0.13024898423802292
3.0500000000000043,0.9600298013885282,0.1274791247434173
3.1000000000000014,0.9598722345457487,0.12484375390450285
3.1499999999999986,0.9597133698689032,0.1223361038981662
3.200000000000003,0.9595528682322847,0.11994984846664261
3.25,0.9593903848002131,0.11767907310300142
3.3000000000000043,0.9592255691732863,0.11551824741463071
3.3500000000000014,0.9590580655370233,0.1134621995209736
3.3999999999999986,0.9588875128128634,0.1115060923479256
3.450000000000003,0.9587135448114517,0.10964540168817795
3.5,0.9585357903881513,0.10787589590402256
3.5500000000000043,0.9583538736007267,0.10619361715653947
3.6000000000000014,0.9581674138691356,0.10459486405250729
3.6499999999999986,0.9579760261373641,0.10307617560764835
3.700000000000003,0.9577793210372427,0.10163431643191795
3.75,0.9575769050541857,0.1002662630493538
3.8000000000000043,0.9573683806947806,0.09896919127151842
3.8500000000000014,0.9571533466561613,0.0977404645497611
3.8999999999999986,0.9569313979971159,0.09657762323736802
3.950000000000003,0.9567021263108343,0.09547837469819434
4.0,0.9564651198992545,0.09444058420354888
4.050000000000004,0.9562199639489213,0.09346226656396361
4.100000000000001,0.9559662407082941,0.0925415784470421
4.149999999999999,0.9557035296664408,0.09167681133683561
4.200000000000003,0.9554314077330363,0.0908663850941954
4.25,0.9551494494195991,0.09010884208128432
4.300000000000004,0.954857227021898,0.0894028418169349
4.350000000000001,0.9545543108034569,0.08874715613283474
4.399999999999999,0.9542402691800729,0.08814066480361107
4.450000000000003,0.9539146689052952,0.08758235162681198
4.5,0.9535770752567789,0.08707130093154301
4.550000000000004,0.9532270522234335,0.0866066944971442
4.600000000000001,0.9528641626933166,0.08618780886580565
4.649999999999999,0.9524879686421643,0.08581401303541995
4.700000000000003,0.9520980313225168,0.08548476652129865
4.75,0.9516939114533415,0.08519961777763431
4.800000000000004,0.9512751694100878,0.08495820297180001
4.850000000000001,0.9508413654151014,0.08476024510675535
4.899999999999999,0.9503920597283059,0.08460555348899246
4.950000000000003,0.9499268128381032,0.08449402354162297
5.0,0.9494451856523923,0.08442563696439782
5.050000000000004,0.9489467396896393,0.08440046224468381
5.100000000000001,0.9484310372699263,0.08441865552571051
5.149999999999999,0.9478976417059032,0.08448046184077802
5.200000000000003,0.947346117493554,0.0845862167245876
5.25,0.9467760305027217,0.08473634821546233
5.300000000000004,0.9461869481672966,0.08493137926497576
5.350000000000001,0.9455784396750045,0.08517193057443395
5.399999999999999,0.9449500761567189,0.08545872388079373
5.450000000000003,0.9443014308752093,0.08579258571796956
5.5,0.9436320794132717,0.08617445168312296
5.550000000000004,0.9429415998611385,0.08660537124148077
5.600000000000001,0.9422295730031248,0.08708651310752177
5.649999999999999,0.941495582503408,0.08761917124506727
5.700000000000003,0.9407392150908854,0.08820477153393495
5.75,0.9399600607430247,0.08884487915644541
5.800000000000004,0.9391577128686454,0.08954120676324356
5.850000000000001,0.9383317684895431,0.09029562348468471
5.899999999999999,0.937481828420897,0.09111016486151209
5.950000000000003,0.936607497450387,0.09198704377677425
6.0,0.9357083845159361,0.09292866247999618
6.050000000000004,0.9347841028820288,0.09393762580460144
6.100000000000001,0.933834270314512,0.09501675569056442
6.149999999999999,0.9328585092538286,0.09616910713636727
6.200000000000003,0.9318564469865958,0.09739798571760785
6.25,0.9308277158154802,0.09870696682417032
6.300000000000004,0.9297719532272793,0.10009991678380309
6.350000000000001,0.9286888020591649,0.10158101605731364
6.399999999999999,0.927577910663,0.10315478470947524
6.450000000000003,0.9264389330676814,0.10482611038012214
6.5,0.9252715291394361,0.10660027900181404
6.550000000000004,0.9240753647399992,0.10848300853376108
6.600000000000001,0.9228501118826303,0.11048048600623164
6.649999999999999,0.9215954488858825,0.11259940819513457
6.700000000000003,0.9203110605250824,0.1148470262723296
6.75,0.9189966381814474,0.11723119480277419
6.800000000000004,0.9176518799887858,0.11976042548374792
6.850000000000001,0.9162764909777255,0.12244394604256387
6.899999999999999,0.9148701832174042,0.12529176472525014
6.950000000000003,0.9134326759545702,0.12831474081664895
7.0,0.9119636957500414,0.1315246616281912
7.050000000000004,0.910462976612459,0.13493432636774488
7.100000000000001,0.9089302601292942,0.1385576372589143
7.149999999999999,0.9073652955950462,0.14240969819509322
7.200000000000003,0.9057678401365795,0.14650692108302427
7.25,0.9041376588355682,0.15086713983401023
7.300000000000004,0.9024745248479691,0.1555097316747996
7.350000000000001,0.9007782195205054,0.16045574504370838
7.399999999999999,0.8990485325040969,0.1657280327703995
7.450000000000003,0.897285261864192,0.17135138845706435
7.5,0.8954882141879791,0.17735268291621092
7.550000000000004,0.8936572046883938,0.18376099608756072
7.600000000000001,0.8917920573049286,0.19060773794089717
7.649999999999999,0.8898926048011675,0.19792674933046686
7.700000000000003,0.8879586888590283,0.20575437042133762
7.75,0.8859901601696681,0.21412945994048488
7.800000000000004,0.8839868785210144,0.2230933428533883
7.850000000000001,0.8819487128818936,0.23268965682751588
7.899999999999999,0.8798755414827191,0.24296405868496448
7.950000000000003,0.8777672518927054,0.2539637406337593
8.0,0.8756237410935921,0.2657366921231342
8.050000000000004,0.8734449155498213,0.27833062657217417
8.100000000000001,0.8712306912751777,0.2917914731828105
8.149999999999999,0.8689809938958317,0.3061613133800271
8.200000000000003,0.8666957587097823,0.32147562095253085
8.25,0.8643749307426712,0.33775964813081494
8.300000000000004,0.8620184647999408,0.3550237924589093
8.350000000000001,0.8596263255153296,0.373257790535091
8.400000000000006,0.8571984873956678,0.3924236278955639
8.450000000000003,0.8547349348619806,0.41244714760019974
8.5,0.8522356622868572,0.4332085055775967
8.550000000000004,0.8497006740280942,0.454531881468803
8.600000000000001,0.8471299844585871,0.4761752260319163
8.650000000000006,0.8445236179924648,0.49782130681665404
8.700000000000003,0.8418816091074595,0.5190718601004423
8.75,0.8392040023634973,0.5394471641741506
8.800000000000004,0.8364908524175129,0.5583936339700637
8.850000000000001,0.8337422240344768,0.5753018475893108
8.900000000000006,0.8309581920946317,0.5895364875946432
8.950000000000003,0.8281388415969474,0.6004778580000166
9.0,0.8252842676587727,0.6075720357992425
9.050000000000004,0.8223945755117115,0.6103838473291053
9.100000000000001,0.8194698804937106,0.6086446164911878
9.150000000000006,0.8165103080373632,0.6022860192245338
9.200000000000003,0.8135159936544442,0.5914530500341748
9.25,0.8104870829166753,0.5764929227100448
9.300000000000004,0.8074237314327357,0.5579216488583258
9.350000000000001,0.8043261048215274,0.5363745034441839
9.400000000000006,0.8011943786817045,0.5125492108809676
9.450000000000003,0.7980287385574862,0.4871508635605568
9.5,0.7948293799007621,0.4608456578859824
9.550000000000004,0.7915965080295143,0.43422747731382644
9.600000000000001,0.7883303380825676,0.4077982538920935
9.650000000000006,0.7850310949706897,0.38196067209159695
9.700000000000003,0.7816990133240709,0.35702044493779556
9.75,0.7783343374361875,0.3331950073187045
9.800000000000004,0.7749373212040953,0.31062574608370014
9.850000000000001,0.7715082280651624,0.2893914994705115
9.900000000000006,0.7680473309302759,0.26952175547751434
9.950000000000003,0.7645549121135503,0.25100860480724146
10.0,0.7610312632585634,0.2338169904425625
10.050000000000004,0.7574766852611567,0.21789313263844398
10.100000000000001,0.753891488188835,0.20317121573786753
10.150000000000006,0.750275991196781,0.18957853329013113
10.200000000000003,0.7466305224405533,0.17703933148030976
10.25,0.7429554189854672,0.16547759326955694
10.300000000000004,0.7392510267127266,0.1548189854535791
10.350000000000001,0.7355177002223305,0.14499216047139865
10.400000000000006,0.731755802732793,0.1359295718568588
10.450000000000003,0.727965705977736,0.12756793096246033
10.5,0.7241477900993718,0.11984840503110998
10.550000000000004,0.7203024435389436,0.11271663353504587
10.600000000000001,0.7164300629241563,0.10612262087898687
10.650000000000006,0.7125310529536472,0.10002054864104867
10.700000000000003,0.7086058262785425,0.09436853892073699
10.75,0.7046548033811576,0.08912839148305438
10.800000000000004,0.7006784124508738,0.08426531068494525
10.850000000000001,0.696677089257264,0.07974763317377023
10.900000000000006,0.6926512770205006,0.07554656366752681
10.950000000000003,0.6886014262791125,0.07163592344947424
11.0,0.6845279947551308,0.06799191428846366
11.050000000000004,0.6804314472167008,0.06459289913894403
11.100000000000001,0.6763122553381923,0.0614192000342534
11.150000000000006,0.6721708975578768,0.05845291295199392
11.200000000000003,0.6680078589332374,0.05567773901719237
11.25,0.6638236309939503,0.05307883115490875
11.300000000000004,0.659618711592615,0.050642655162714
11.350000000000001,0.655393604753295,0.04835686411077392
11.400000000000006,0.6511488205179041,0.04621018496827323
11.450000000000003,0.6468848747905432,0.044192316381515155
11.5,0.6426022891798073,0.04229383657819109
11.550000000000004,0.6383015908391563,0.04050612043488371
11.600000000000001,0.6339833123054055,0.038821264814295244
11.650000000000006,0.6296479913353896,0.03723202135056489
11.700000000000003,0.6252961707408876,0.03573173593234956
11.75,0.6209283982218524,0.03431429420211648
11.800000000000004,0.616545226198023,0.03297407245516585
11.850000000000001,0.6121472116389985,0.03170589338257062
11.900000000000006,0.6077349158928076,0.030504986158187603
11.950000000000003,0.603308904513087,0.029366950421114837
12.0,0.5988697470848935,0.028287723751528968
12.050000000000004,0.5944180170492533,0.027263552279973284
12.100000000000001,0.5899542915264999,0.026290964108133034
12.150000000000006,0.5854791511384745,0.025366745253251784
12.200000000000003,0.580993179829661,0.02448791785892582
12.25,0.5764969646873257,0.023651720442368587
12.300000000000004,0.5719910957607313,0.022855589972687995
12.350000000000001,0.5674761658795006,0.022097145596531222
12.400000000000006,0.5629527704711914,0.021374173846908977
12.450000000000003,0.5584215073781695,0.0206846151883545
12.5,0.5538829766738352,0.020026551767021263
12.550000000000004,0.5493377804782862,0.019398196248094
12.600000000000001,0.5447865227734912,0.018797881635150112
12.650000000000006,0.5402298092180248,0.018224051977036675
12.700000000000003,0.5356682469614725,0.017675253877572503
12.75,0.5311024444585393,0.017150128732061686
12.800000000000004,0.5265330112829573,0.016647405622356684
12.850000000000001,0.521960557941266,0.016165894809114522
12.900000000000006,0.5173856956865142,0.015704481766061186
12.950000000000003,0.5128090363319855,0.015262121706591164
13.0,0.5082311920649915,0.014837834557952448
13.050000000000004,0.5036527752608266,0.01443070034267589
13.100000000000001,0.49907439829693856,0.014039854930847825
13.150000000000006,0.4944966733673934,0.01366448613035741
13.200000000000003,0.48992021229771104,0.01330383008541593
13.25,0.485345626360122,0.012957167956480728
13.300000000000004,0.4807735260893416,0.012623822857267762
13.350000000000001,0.47620452109891176,0.012303157026822437
13.400000000000006,0.4716392198981853,0.011994569216676042
13.450000000000003,0.4670782297100248,0.01169749227496711
13.5,0.4625221562892772,0.011411390911070315
13.550000000000004,0.4579716037421016,0.011135759625779262
13.600000000000001,0.45342717434621144,0.010870120793441502
13.650000000000006,0.44888946837209026,0.010614022883665086
13.700000000000003,0.44435908390527135,0.010367038811321018
13.75,0.43983661666971385,0.010128764404559946
13.800000000000004,0.4353226598523695,0.009898816981465981
13.850000000000001,0.43081780392899144,0.009676834026784448
13.900000000000006,0.42632263649124086,0.009462471960900684
13.950000000000003,0.4218377420751759,0.009255404993917523
14.0,0.41736370199116163,0.009055324058286095
14.050000000000004,0.41290109415528115,0.008861935813997785
14.100000000000001,0.40845049292229746,0.008674961720846034
14.150000000000006,0.40401246892022735,0.008494137172722755
14.200000000000003,0.39958758888659535,0.008319210689329833
14.25,0.39517641550641125,0.00814994316106285
14.300000000000004,0.39077950725194266,0.007986107143169881
14.350000000000001,0.38639741822432916,0.007827486195600976
14.400000000000006,0.38203069799709866,0.007673874265251079
14.450000000000003,0.3776798914616418,0.007525075107560869
14.5,0.3733455386746905,0.007380901744678509
14.550000000000004,0.3690281747078635,0.007241175957604354
14.600000000000001,0.3647283294993241,0.0071057278099406485
14.650000000000006,0.36044652770760033,0.006974395201051
14.700000000000003,0.35618328856762527,0.006847023446602722
14.75,0.35193912574903174,0.006723464884618526
14.800000000000004,0.34771454721676465,0.006603578505305483
14.850000000000001,0.34351005509404936,0.006487229603058572
14.900000000000006,0.3393261455277567,0.0063742894491549615
14.950000000000003,0.33516330855622417,0.006264634983765145
15.0,0.331022027979557,0.006158148526006648
15.050000000000004,0.3269027812324677,0.006054717500859721
15.100000000000001,0.32280603925968826,0.005954234181848766
15.150000000000006,0.3187322663939877,0.00585659544847209
15.200000000000003,0.31468192023684993,0.005761702557435261
15.25,0.3106554515418314,0.0056694609268095305
15.300000000000004,0.30665330410064623,0.005579779932298924
15.350000000000001,0.3026759146320148,0.005492572714856317
15.400000000000006,0.2987237126732922,0.005407755998941126
15.450000000000003,0.2947971204749355,0.005325249920760581
15.5,0.2908965528978151,0.005244977865880541
15.550000000000004,0.2870224173134195,0.005166866315634344
15.600000000000001,0.2831751135069725,0.005090844701796127
15.650000000000006,0.2793550335834856,0.005016845269020748
15.700000000000003,0.275562561876786,0.0049448029445861375
15.75,0.2717980748615308,0.0048746552150037235
15.800000000000004,0.2680619410682377,0.004806342009091702
15.850000000000001,0.264354521001354,0.004739805587132161
15.900000000000006,0.2606761670603802,0.004674990435757374
15.950000000000003,0.25702722346407597,0.004611843168233891
16.0,0.2534080261777544,0.0045503124298336825
16.050000000000004,0.24981890284369204,0.004490348808001798
16.1,0.24626017271466935,0.004431904747048149
16.150000000000006,0.24273214659064377,0.004374934467107956
16.200000000000003,0.2392351267585854,0.004319393887131731
16.25,0.2357694069354723,0.004265240551680015
16.300000000000004,0.23233527221446346,0.004212433561312333
16.35,0.2289329990142562,0.004160933506372457
16.400000000000006,0.22556285503163293,0.0041107024039841395
16.450000000000003,0.22222509919720904,0.004061703638082921
16.5,0.21891998163437815,0.004013901902319688
16.550000000000004,0.215647743621466,0.0039672631456819565
16.6,0.21240861755709267,0.003921754520687626
16.650000000000006,0.20920282692873932,0.0038773443340146133
16.700000000000003,0.2060305862845288,0.003834001999438019
16.75,0.20289210120820414,0.003791697992953485
16.800000000000004,0.19978756829731642,0.003750403809973003
16.85,0.19671717514460946,0.003710091924485554
16.900000000000006,0.19368110032259236,0.0036707357500812532
16.950000000000003,0.1906795133713055,0.003632309602743643
17.0,0.18771257478925402,0.0035947886653197765
17.050000000000004,0.18478043602751748,0.0035581489535832862
17.1,0.1818832394870105,0.0035223672838099766
17.150000000000006,0.17902111851888972,0.003487421241790209
17.200000000000003,0.17619419742809167,0.003453289153206477
17.25,0.17340259147998727,0.003419950055308439
17.300000000000004,0.1706464069101361,0.003387383669821524
17.35,0.1679257409371285,0.003355570377028562
17.400000000000006,0.16524068177848428,0.003324491190967213
17.450000000000003,0.1625913086696097,0.0032941277356891866
17.5,0.15997769188576857,0.0032644622225298458
17.550000000000004,0.15739989276706562,0.0032354774283398593
17.6,0.15485796374640867,0.003207156674632866
17.650000000000006,0.15235194838042412,0.0031794838076056376
17.700000000000003,0.14988188138331202,0.0031524431789896135
17.75,0.14744778866360062,0.0031260196276945563
17.800000000000004,0.14504968736378318,0.0031001984622074283
17.85,0.14268758590280692,0.0030749654437112646
17.900000000000006,0.14036148402137757,0.0030503067698906495
17.950000000000003,0.1380713728300624,0.0030262090593922994
18.0,0.13581723486014582,0.003002659336910548
18.050000000000004,0.13359904411721765,0.0029796450188693292
18.1,0.13141676613745382,0.00295715389967354
18.150000000000006,0.1292703580465556,0.0029351741385039995
18.200000000000003,0.1271597686213147,0.00291369424663163
18.25,0.12508493835376697,0.0028927030752275294
18.300000000000004,0.12304579951789661,0.002872189803646907
18.35,0.12104227623885665,0.0028521439281658234
18.400000000000006,0.1190742845646603,0.002832555251150714
18.450000000000003,0.11714173254031277,0.0028134138706417465
18.5,0.11524452028433284,0.002794710170331792
18.550000000000004,0.11338254006763258,0.0027764348099238736
18.6,0.111555676394708,0.0027585787158506117
18.650000000000006,0.10976380608709696,0.0027411330723400296
18.700000000000003,0.1080067983690666,0.002724089312812857
18.75,0.10628451495547926,0.0027074391115970747
18.800000000000004,0.10459681014179781,0.0026911743759462313
18.85,0.10294353089618208,0.002675287238348577
18.900000000000006,0.10132451695363012,0.0026597700491147237
18.950000000000003,0.09973960091212015,0.0026446153692321122
19.0,0.09818860833070132,0.0026298159634750512
19.050000000000004,0.09667135782949177,0.002615364793759677
19.1,0.0951876611915302,0.0026012550127336247
19.150000000000006,0.09373732346643358,0.002587479957590629
19.200000000000003,0.0923201430758144,0.0025740331441008414
19.25,0.09093591192040196,0.0025609082608478856
19.300000000000004,0.08958441548882427,0.002548099163664243
19.35,0.08826543296799433,0.002535599870256821
19.400000000000006,0.08697873735505116,0.0025234045550149484
19.450000000000003,0.08572409557080682,0.002511507543993434
19.5,0.08450126857464317,0.002499903310063557
19.550000000000004,0.08331001148080917,0.0024885864682252577
19.6,0.0821500736760669,0.002477551771074035
19.650000000000006,0.08102119893862918,0.00246679410441635
19.700000000000003,0.07992312555834208,0.0024563084830276343
19.75,0.07885558645805317,0.0024460900465472024
19.800000000000004,0.07781830931611591,0.0024361340555046594
19.85,0.07681101668997656,0.002426435887472625
19.900000000000006,0.07583342614078524,0.0024169910333407527
19.950000000000003,0.07488525035898519,0.002407795093706353
20.0,0.0739661972908178,0.0023988437753769834
20.050000000000004,0.07307597026569584,0.002390132887980732
20.1,0.0722142681243875,0.002381658340679927
20.150000000000006,0.0713807853479571,0.0023734161389843285
20.200000000000003,0.07057521218741027,0.0023654023816599493
20.25,0.06979723479398696,0.002357613257729827
20.300000000000004,0.06904653535005009,0.002350045043563238
20.35,0.0683227922005153,0.0023426941000499863
20.400000000000006,0.06762567998476643,0.0023355568698565305
20.450000000000003,0.06695486976900529,0.0023286298747608554
20.5,0.06631002917898006,0.002321909713063148
20.550000000000004,0.06569082253303878,0.0023153930570694093
20.6,0.06509691097545688,0.0023090766506453225
20.650000000000006,0.06452795260998144,0.002302957306837729
20.700000000000003,0.06398360263354338,0.0022970319055612793
20.75,0.06346351347008157,0.0022912973913478186
20.800000000000004,0.06296733490442867,0.0022857507711562643
20.85,0.06249471421620486,0.002280389112240771
20.900000000000006,0.06204529631366867,0.0022752095400750986
20.950000000000003,0.0616187238674723,0.0022702092363312003
21.0,0.061214637444271476,0.0022653854369100793
21.050000000000004,0.060832675640137224,0.002260735430023142
21.1,0.060472475213721795,0.0022562565543222664
21.150000000000006,0.060133671219124454,0.0022519461970769276
21.200000000000003,0.05981589713841287,0.002247801792396809
21.25,0.05951878501374536,0.0022438208194983534
21.300000000000004,0.059241965579050135,0.002240000801013845
21.35,0.05898506839120912,0.002236339301341619
21.400000000000006,0.05874772196070231,0.0022328339250361076
21.450000000000003,0.05852955388166212,0.002229482315236468
21.5,0.05833019096129368,0.002226282152132627
21.550000000000004,0.058149259348612876,0.0022232311514676023
21.6,0.05798638466245847,0.0022203270630750545
21.650000000000006,0.05784119211873136,0.002217567669451065
21.700000000000003,0.05771330665681791,0.0022149507843591894
21.75,0.05760235306515366,0.0022124742514678906
21.800000000000004,0.057507956105882954,0.002210135943019519
21.85,0.05742974063857348,0.00220793375853004
21.900000000000006,0.0573673317429432,0.002205865623518789
21.950000000000003,0.057320354840558516,0.002203929488267537
22.0,0.05728843581546325,0.002202123326608249
22.050000000000004,0.05727120113369887,0.002200445134738922
22.1,0.057268277961676745,0.0021988929300669675
22.150000000000006,0.05727929428336436,0.002197464750079608
22.200000000000003,0.05730387901624724,0.0021961586512408517
22.25,0.05734166212603122,0.0021949727079145975
22.300000000000004,0.05739227474004699,0.0021939050113135104
22.35,0.05745534925932364,0.0021929536684733076
22.400000000000006,0.05753051946929553,0.002192116801252165
22.450000000000003,0.05761742064910887,0.002191392545354975
22.5,0.05771568967949607,0.0021907790493822287
22.550000000000004,0.05782496514918426,0.002190274473903322
22.6,0.057944887459808414,0.002189876990554145
22.650000000000006,0.058075098929297325,0.0021895847811588217
22.700000000000003,0.05821524389370374,0.002189396036875503
22.75,0.058364968807449694,0.002189308957366163
22.800000000000004,0.058523922341958676,0.0021893217499903833
22.85,0.058691755482648766,0.0021894326290230917
22.900000000000006,0.058868121624259445,0.0021896398148963285
22.950000000000003,0.05905267666448731,0.002189941533465068
23.0,0.05924507909590707,0.0021903360152972016
23.050000000000004,0.059444990096152624,0.0021908214949877772
23.1,0.05965207361633713,0.002191396210497637
23.150000000000006,0.05986599646769039,0.0021920584025166266
23.200000000000003,0.06008642840639058,0.0021928063138515253
23.25,0.060313042216574415,0.002193638188838925
23.300000000000004,0.06054551379150189,0.00219455227278327
23.35,0.0607835222128618,0.0021955468114202904
23.400000000000006,0.061026749828198175,0.002196620050406096
23.450000000000003,0.06127488232644241,0.0021977702348321805
23.5,0.06152760881153526,0.002198995608766653
23.550000000000004,0.061784621874124965,0.002200294414821949
23.6,0.06204561766132646,0.002201664893749367
23.650000000000006,0.062310295944531364,0.0022031052840607223
23.700000000000003,0.06257836018525403,0.0022046138216774425
23.75,0.06284951759900595,0.002206188739607437
23.800000000000004,0.06312347921718543,0.002207828267650073
23.85,0.0633999599469764,0.0022095306321295773
23.900000000000006,0.06367867862924664,0.002211294055657205
23.950000000000003,0.06395935809443747,0.0022131167569225127
24.0,0.064241725216441,0.002214996950514035
24.050000000000004,0.06452551096445697,0.002216932846769714
24.1,0.06481045045282618,0.002218922651657364
24.150000000000006,0.06509628298883635,0.002220964566685496
24.200000000000003,0.06538275211849709,0.0022230567888447635
24.25,0.06566960567028328,0.002225197510580329
24.300000000000004,0.06595659579684472,0.0022273849197953725
24.35,0.06624347901468165,0.0022296171998860102
24.400000000000006,0.0665300162417888,0.0022318925298078184
24.450000000000003,0.06681597283326633,0.0022342090841741464
24.5,0.06710111861490275,0.002236565033386401
24.550000000000004,0.0673852279147321,0.002238958543796422
24.6,0.0676680795925679,0.002241387777901048
24.650000000000006,0.06794945706752216,0.0022438508945689696
24.700000000000003,0.06822914834351108,0.0022463460492998695
24.75,0.06850694603275675,0.002248871394515869
24.800000000000004,0.06878264737729135,0.0022514250798852447
24.85,0.0690560542684704,0.002254005252678303
24.900000000000006,0.06932697326450712,0.00225661005815532
24.950000000000003,0.06959521560603327,0.002259237639986343
25.0,0.06986059722970124,0.0022618861407026547
25.050000000000004,0.07012293877983418,0.002264553702179611
25.1,0.07038206561813924,0.002267238466150548
25.150000000000006,0.07063780783149541,0.0022699385747513645
25.200000000000003,0.07089000023782753,0.002272652171095366
25.25,0.07113848239008431,0.002275377399877877
25.300000000000004,0.07138309857833032,0.002278112408010074
25.35,0.07162369782997074,0.002280855345281452
25.400000000000006,0.07186013390812396,0.0022836043650502533
25.450000000000003,0.07209226530815745,0.0022863576249611364
25.5,0.07231995525240599,0.00228911328768932
25.550000000000004,0.07254307168308868,0.0022918695217103405
25.6,0.07276148725344463,0.002294624502094529
25.650000000000006,0.07297507931710502,0.002297376411325254
25.700000000000003,0.07318372991572294,0.0023001234401398775
25.75,0.07338732576487901,0.0023028637883923684
25.800000000000004,0.07358575823828674,0.002305595665936408
25.85,0.0737789233503159,0.002308317293527776
25.900000000000006,0.07396672173685827,0.002311026903744782
25.950000000000003,0.07414905863455658,0.0023137227419253816
26.0,0.0743258438584212,0.0023164030671196318
26.050000000000004,0.07449699177785658,0.0023190661530560377
26.1,0.07466242129112223,0.0023217102891203143
26.150000000000006,0.07482205579825306,0.002324333781345023
26.200000000000003,0.0749758231724625,0.0023269349534085163
26.25,0.07512365573005565,0.0023295121476415476
26.300000000000004,0.07526549019887656,0.0023320637260399015
26.35,0.07540126768531699,0.0023345880712813123
26.400000000000006,0.07553093363991245,0.0023370835877449584
26.450000000000003,0.07565443782155262,0.0023395487025317393
26.5,0.07577173426033408,0.0023419818664835498
26.550000000000004,0.07588278121908178,0.0023443815551997087
26.6,0.07598754115356854,0.002346746270048717
26.650000000000006,0.07608598067145962,0.0023490745391734754
26.700000000000003,0.07617807049001252,0.002351364918488084
26.75,0.07626378539255886,0.002353615992664361
26.800000000000004,0.07634310418379985,0.002355826376106184
26.85,0.07641600964394249,0.002357994713909782
26.900000000000006,0.07648248848170774,0.0023601196828081073
26.950000000000003,0.07654253128624025,0.0023621999920974313
27.0,0.07659613247794897,0.002364234384544321
27.050000000000004,0.07664329025831003,0.002366221637271165
27.1,0.07668400655866171,0.0023681605626184885
27.150000000000006,0.07671828698802216,0.0023700500089822558
27.200000000000003,0.07674614077996084,0.002371888861624486
27.25,0.07676758073855505,0.0023736760434554527
27.300000000000004,0.07678262318346163,0.0023754105157858794
27.35,0.0767912878941355,0.002377091279047518
27.400000000000006,0.07679359805322691,0.0023787173734806095
27.450000000000003,0.0767895801891879,0.0023802878797867374
27.5,0.076779264118119,0.0023818019197457117
27.550000000000004,0.07676268288488966,0.0023832586567951166
27.6,0.07673987270356128,0.0023846572965712937
27.650000000000006,0.07671087289714594,0.002385997087410575
27.700000000000003,0.07667572583673252,0.002387277320809664
27.75,0.07663447688001047,0.002388497331844162
27.800000000000004,0.0765871743092239,0.002389656499544299
27.85,0.07653386926858675,0.002390754247227053
27.900000000000006,0.07647461570119082,0.0023917900427838914
27.950000000000003,0.07640947028543815,0.0023927633989235123
28.0,0.07633849237102801,0.002393673873368996
28.050000000000004,0.07626174391453108,0.0023945210690089506
28.1,0.07617928941458105,0.0023953046340022704
28.150000000000006,0.07609119584671442,0.002396024261836256
28.200000000000003,0.07599753259789047,0.0023966796913379414
28.25,0.07589837140072023,0.002397270706638576
28.300000000000004,0.07579378626743709,0.0023977971370912985
28.35,0.07568385342363805,0.002398258857142156
28.400000000000006,0.07556865124182563,0.0023986557861547025
28.450000000000003,0.07544826017478187,0.002398987888188534
28.5,0.07532276268880306,0.0023992551717321765
28.550000000000004,0.07519224319682413,0.0023994576893908858
28.6,0.075056787991465,0.0023995955375299637
28.650000000000006,0.074916485178024,0.002399668855874317
28.700000000000003,0.07477142460745068,0.0023996778270650703
28.75,0.07462169780932455,0.0023996226761740986
28.800000000000004,0.0744673979248694,0.0023995036701774763
28.85,0.07430861964003017,0.0023993211173888775
28.900000000000006,0.07414545911864097,0.002399075366854048
28.950000000000003,0.07397801393571216,0.0023987668077075537
29.0,0.07380638301086172,0.002398395868493053
29.050000000000004,0.07363066654192058,0.002397963016448431
29.1,0.07345096593873607,0.002397468756757161
29.150000000000006,0.07326738375720139,0.002396913631767338
29.200000000000003,0.07308002363353572,0.0023962982201798655
29.25,0.07288899021884135,0.0023956231362073257
29.300000000000004,0.0726943891139628,0.0023948890287050916
29.35,0.07249632680467297,0.0023940965802763015
29.400000000000006,0.07229491059720966,0.0023932465063523064
29.450000000000003,0.07209024855418819,0.002392339554250268
29.5,0.0718824494309125,0.0023913765022095727
29.550000000000004,0.07167162261210865,0.002390358158408767
29.6,0.07145787804910338,0.0023892853599647057
29.650000000000006,0.07124132619746948,0.0023881589719156326
29.700000000000003,0.07102207795516248,0.0023869798861899144
29.75,0.07080024460116634,0.002385749020562118
29.800000000000004,0.07057593773467324,0.00238446731759815
29.85,0.07034926921481557,0.0023831357435911502
29.900000000000006,0.0701203511009718,0.0023817552874898073
29.950000000000003,0.06988929559366573,0.0023803269598207523
30.0,0.06965621497607809,0.00237885179160668
