trial,bits,iteration,sum_rate
0,1,0,1.442170009394336
0,1,1,3.963019725926353
0,1,2,3.963019725926353
0,2,0,1.442170009394336
0,2,1,4.183648608695332
0,2,2,4.61301339538918
0,3,0,1.442170009394336
0,3,1,4.146502912591119
0,3,2,4.436153848373797
1,1,0,1.055632465237214
1,1,1,4.604751148498238
1,1,2,5.016448387949094
1,2,0,1.055632465237214
1,2,1,3.348105331955934
1,2,2,5.1493978997520236
1,3,0,1.055632465237214
1,3,1,4.161114145634439
1,3,2,5.595666427941048
2,1,0,3.4513557256941834
2,1,1,5.404093921112217
2,1,2,5.4194142546715565
2,2,0,3.4513557256941834
2,2,1,5.390317642938484
2,2,2,5.481073994026625
2,3,0,3.4513557256941834
2,3,1,5.768800660597893
2,3,2,6.02072640139347
3,1,0,1.9612281152381148
3,1,1,4.272302334572073
3,1,2,4.594707486024538
3,2,0,1.9612281152381148
3,2,1,4.604061918207134
3,2,2,4.95784363847524
3,3,0,1.9612281152381148
3,3,1,5.033420591000251
3,3,2,5.4931154943329545
4,1,0,2.9258801567611386
4,1,1,4.0805703332630126
4,1,2,4.180099631306615
4,2,0,2.9258801567611386
4,2,1,4.487818044936638
4,2,2,4.811514463776476
4,3,0,2.9258801567611386
4,3,1,4.625496572658589
4,3,2,4.8635929476210125
5,1,0,0.9474328876210492
5,1,1,3.7867909724613673
5,1,2,4.226824005543565
5,2,0,0.9474328876210492
5,2,1,4.369368997243974
5,2,2,4.967186873766207
5,3,0,0.9474328876210492
5,3,1,4.3979573060866155
5,3,2,4.591105533453813
6,1,0,2.2288712421175885
6,1,1,3.7164298584174547
6,1,2,4.0479484461591975
6,2,0,2.2288712421175885
6,2,1,3.741658969687864
6,2,2,3.984134009177169
6,3,0,2.2288712421175885
6,3,1,4.144479477241647
6,3,2,4.495553331169241
7,1,0,1.5766477867039905
7,1,1,6.120211960505523
7,1,2,6.35309968484922
7,2,0,1.5766477867039905
7,2,1,6.9714875056971
7,2,2,7.17277664093438
7,3,0,1.5766477867039905
7,3,1,6.99800129182117
7,3,2,7.376187146498122
8,1,0,1.3892573831661905
8,1,1,4.9812208426110205
8,1,2,5.209695365360101
8,2,0,1.3892573831661905
8,2,1,5.725068475084656
8,2,2,6.394189933349185
8,3,0,1.3892573831661905
8,3,1,5.958734179188811
8,3,2,6.498811857278826
9,1,0,0.9790242973350103
9,1,1,3.4180642860844292
9,1,2,3.6530718137438476
9,2,0,0.9790242973350103
9,2,1,3.6106005931496865
9,2,2,4.1960601685947
9,3,0,0.9790242973350103
9,3,1,3.811293769415099
9,3,2,4.665254526439025
10,1,0,2.484578644223574
10,1,1,4.998251477323937
10,1,2,5.265535907325134
10,2,0,2.484578644223574
10,2,1,5.472367936099618
10,2,2,5.973605243356592
10,3,0,2.484578644223574
10,3,1,5.76630034444131
10,3,2,6.37737440764523
11,1,0,1.3162720132058645
11,1,1,3.019848801185785
11,1,2,3.725593625892076
11,2,0,1.3162720132058645
11,2,1,4.027499661958803
11,2,2,4.760757244931971
11,3,0,1.3162720132058645
11,3,1,3.8041284362644814
11,3,2,5.113048808403022
12,1,0,2.9092872397373397
12,1,1,4.319781993145528
12,1,2,4.468652574472005
12,2,0,2.9092872397373397
12,2,1,4.455668937085671
12,2,2,4.693363453917858
12,3,0,2.9092872397373397
12,3,1,4.769285968039124
12,3,2,4.820185814494616
13,1,0,0.49395910260632736
13,1,1,4.037196940160427
13,1,2,4.052699359771744
13,2,0,0.49395910260632736
13,2,1,4.739299958049447
13,2,2,5.019159834488473
13,3,0,0.49395910260632736
13,3,1,4.989134319397875
13,3,2,5.218168575365788
14,1,0,2.9312182475859037
14,1,1,4.1327137668591245
14,1,2,4.341906827604401
14,2,0,2.9312182475859037
14,2,1,4.578305514103991
14,2,2,5.028384608526719
14,3,0,2.9312182475859037
14,3,1,4.93405823818151
14,3,2,5.374839370191927
15,1,0,0.7188685609968996
15,1,1,4.064626661331493
15,1,2,4.107532862222974
15,2,0,0.7188685609968996
15,2,1,3.9020540171885187
15,2,2,5.140095850338502
15,3,0,0.7188685609968996
15,3,1,4.524372024798221
15,3,2,5.862468873428719
16,1,0,1.495538374278865
16,1,1,3.8548117334097145
16,1,2,4.798149603262987
16,2,0,1.495538374278865
16,2,1,4.541463853941066
16,2,2,5.811962034162796
16,3,0,1.495538374278865
16,3,1,4.074081764058298
16,3,2,5.076260276809342
17,1,0,1.5002368217007676
17,1,1,4.058612436425764
17,1,2,4.257480142033262
17,2,0,1.5002368217007676
17,2,1,4.682441342341114
17,2,2,4.915536106841975
17,3,0,1.5002368217007676
17,3,1,4.457710718027218
17,3,2,5.116886921389633
18,1,0,0.8961824953447841
18,1,1,3.83954216605121
18,1,2,4.014549513685403
18,2,0,0.8961824953447841
18,2,1,3.8574432524601745
18,2,2,4.320337049100061
18,3,0,0.8961824953447841
18,3,1,3.880179515348256
18,3,2,4.3242581863727345
19,1,0,3.38932846413935
19,1,1,4.538278409672088
19,1,2,4.580798700509647
19,2,0,3.38932846413935
19,2,1,5.133061720719564
19,2,2,5.258229086995468
19,3,0,3.38932846413935
19,3,1,5.05305405669281
19,3,2,5.724034654845416
20,1,0,0.4366723831567435
20,1,1,3.6359803439938236
20,1,2,4.01589586134697
20,2,0,0.4366723831567435
20,2,1,3.743851047025565
20,2,2,4.138230255954565
20,3,0,0.4366723831567435
20,3,1,3.968977052892158
20,3,2,4.76844667612095
21,1,0,1.0299875142093184
21,1,1,3.1606952789722316
21,1,2,3.5021136835647386
21,2,0,1.0299875142093184
21,2,1,3.7880910735382614
21,2,2,4.038456234923089
21,3,0,1.0299875142093184
21,3,1,3.7819497259143224
21,3,2,4.073837166424773
22,1,0,0.19913716689435507
22,1,1,3.7714177284256314
22,1,2,4.011877278714161
22,2,0,0.19913716689435507
22,2,1,4.567783793818188
22,2,2,4.746652526314518
22,3,0,0.19913716689435507
22,3,1,4.45976533786234
22,3,2,5.018736304509572
23,1,0,1.338054754808896
23,1,1,4.141796218306828
23,1,2,4.429553001644785
23,2,0,1.338054754808896
23,2,1,4.552052647647795
23,2,2,4.779077809935933
23,3,0,1.338054754808896
23,3,1,4.625616312511784
23,3,2,5.1244045488265915
24,1,0,2.772736240342666
24,1,1,4.265142723186929
24,1,2,4.265142723186929
24,2,0,2.772736240342666
24,2,1,4.342490479242232
24,2,2,4.409864694241367
24,3,0,2.772736240342666
24,3,1,4.431968611524417
24,3,2,4.758685666715623
25,1,0,2.5352397875227206
25,1,1,4.487296162674887
25,1,2,4.621251266401295
25,2,0,2.5352397875227206
25,2,1,4.5557497611748445
25,2,2,4.890128217238377
25,3,0,2.5352397875227206
25,3,1,4.867531122893142
25,3,2,5.031927913320167
26,1,0,2.005673892903002
26,1,1,4.91567245585953
26,1,2,5.09511143517581
26,2,0,2.005673892903002
26,2,1,5.2665151017275775
26,2,2,6.001789099644913
26,3,0,2.005673892903002
26,3,1,5.654121015427028
26,3,2,6.270033072401662
27,1,0,2.0600017987883064
27,1,1,5.303289336983528
27,1,2,5.561239005834896
27,2,0,2.0600017987883064
27,2,1,5.527318240898682
27,2,2,5.896004200207036
27,3,0,2.0600017987883064
27,3,1,5.907571630624175
27,3,2,6.239008190222257
28,1,0,2.417690999845556
28,1,1,4.0140206389666275
28,1,2,4.582792295273654
28,2,0,2.417690999845556
28,2,1,4.3036011760716555
28,2,2,5.115962555687799
28,3,0,2.417690999845556
28,3,1,3.934026089623136
28,3,2,4.902774068702776
29,1,0,2.5387920923474208
29,1,1,3.6739757436868863
29,1,2,3.6739757436868863
29,2,0,2.5387920923474208
29,2,1,3.9254144961176216
29,2,2,4.1727565519664465
29,3,0,2.5387920923474208
29,3,1,4.207696795114051
29,3,2,4.400297773108033
30,1,0,1.500506347610799
30,1,1,4.3372524690667555
30,1,2,4.759717514319796
30,2,0,1.500506347610799
30,2,1,4.473876502857311
30,2,2,4.833738931549336
30,3,0,1.500506347610799
30,3,1,4.7906264945895725
30,3,2,5.361630979285375
31,1,0,2.4748848080105663
31,1,1,4.835951711464239
31,1,2,4.906246183598243
31,2,0,2.4748848080105663
31,2,1,5.467971552727851
31,2,2,5.966946046479448
31,3,0,2.4748848080105663
31,3,1,5.706871979601423
31,3,2,6.16927611383424
32,1,0,1.1077324545956175
32,1,1,5.987755677232666
32,1,2,5.991739892083711
32,2,0,1.1077324545956175
32,2,1,6.396798193472701
32,2,2,6.581191382444182
32,3,0,1.1077324545956175
32,3,1,6.3257546659242845
32,3,2,6.73661786189552
33,1,0,1.706019020167783
33,1,1,4.502279516889206
33,1,2,4.587792447794824
33,2,0,1.706019020167783
33,2,1,4.534955147264033
33,2,2,5.190600529742946
33,3,0,1.706019020167783
33,3,1,5.1164196798206865
33,3,2,5.787476763964731
34,1,0,1.5476919644093576
34,1,1,5.05996871461498
34,1,2,5.076077568322534
34,2,0,1.5476919644093576
34,2,1,5.021842311221228
34,2,2,5.281948246179633
34,3,0,1.5476919644093576
34,3,1,5.631021348785557
34,3,2,5.957884445129455
35,1,0,2.34227733542231
35,1,1,3.5769933061115964
35,1,2,3.660678137979564
35,2,0,2.34227733542231
35,2,1,3.8899639500470977
35,2,2,4.499136751180318
35,3,0,2.34227733542231
35,3,1,4.322875220041328
35,3,2,4.5282902184849085
36,1,0,2.848412530179128
36,1,1,4.116372857630957
36,1,2,4.287089725052616
36,2,0,2.848412530179128
36,2,1,4.165147826998216
36,2,2,4.269866623660771
36,3,0,2.848412530179128
36,3,1,4.420725576240472
36,3,2,4.564602582573098
37,1,0,0.8981545732158653
37,1,1,3.050608182294187
37,1,2,3.5931230759486734
37,2,0,0.8981545732158653
37,2,1,3.798928371370609
37,2,2,4.109361417843701
37,3,0,0.8981545732158653
37,3,1,3.8264648656283082
37,3,2,4.237538028646441
38,1,0,1.8795460534547526
38,1,1,4.184957520740451
38,1,2,4.20268610938831
38,2,0,1.8795460534547526
38,2,1,4.284982695185414
38,2,2,4.491602285334186
38,3,0,1.8795460534547526
38,3,1,4.505560182057332
38,3,2,4.7184693578842625
39,1,0,2.9456054506543987
39,1,1,4.577942799990834
39,1,2,5.44715991481013
39,2,0,2.9456054506543987
39,2,1,5.2799755634991925
39,2,2,5.718140580519931
39,3,0,2.9456054506543987
39,3,1,5.585200214775429
39,3,2,6.164796995252464
40,1,0,0.8743465630801223
40,1,1,3.9195593822681483
40,1,2,4.153252341448994
40,2,0,0.8743465630801223
40,2,1,3.9386245696243387
40,2,2,4.412884634975341
40,3,0,0.8743465630801223
40,3,1,4.244745608303435
40,3,2,4.729786349100358
41,1,0,0.3990157376145502
41,1,1,3.51192702510034
41,1,2,3.899220855738246
41,2,0,0.3990157376145502
41,2,1,4.260277910488223
41,2,2,4.486801593428046
41,3,0,0.3990157376145502
41,3,1,4.299781143570456
41,3,2,4.8049703688578
42,1,0,1.5823259295876029
42,1,1,4.063079624424252
42,1,2,4.064850256877897
42,2,0,1.5823259295876029
42,2,1,3.9004021668648257
42,2,2,4.294537776817187
42,3,0,1.5823259295876029
42,3,1,4.013498508486674
42,3,2,4.9868460481479175
43,1,0,1.8618988136770307
43,1,1,4.707585014067801
43,1,2,4.752453391589814
43,2,0,1.8618988136770307
43,2,1,4.769152867948273
43,2,2,5.220166492880605
43,3,0,1.8618988136770307
43,3,1,5.016807361946595
43,3,2,5.509524607195595
44,1,0,3.10872081540699
44,1,1,4.701943118891398
44,1,2,4.868841724800829
44,2,0,3.10872081540699
44,2,1,4.810867348959809
44,2,2,5.5738783755010095
44,3,0,3.10872081540699
44,3,1,5.032233226633439
44,3,2,5.8565774878544925
45,1,0,0.38657970620752946
45,1,1,2.577530030936738
45,1,2,3.1051964420423435
45,2,0,0.38657970620752946
45,2,1,2.910848257979639
45,2,2,3.3722610146235095
45,3,0,0.38657970620752946
45,3,1,2.5928795138772602
45,3,2,3.7518096659962286
46,1,0,1.5823525706740993
46,1,1,3.7376264871855076
46,1,2,4.173749881557121
46,2,0,1.5823525706740993
46,2,1,4.378920820470989
46,2,2,4.645009909873659
46,3,0,1.5823525706740993
46,3,1,4.612487044505837
46,3,2,5.001237859082769
47,1,0,3.696069034949839
47,1,1,5.336880903844511
47,1,2,5.341324797030443
47,2,0,3.696069034949839
47,2,1,5.634717702596564
47,2,2,5.979618782599382
47,3,0,3.696069034949839
47,3,1,5.646231941923711
47,3,2,6.005707999538915
48,1,0,2.1509785778227117
48,1,1,5.241594759242294
48,1,2,5.524436444316907
48,2,0,2.1509785778227117
48,2,1,5.374126013332073
48,2,2,6.355193530727592
48,3,0,2.1509785778227117
48,3,1,5.244970291226143
48,3,2,6.636564392934556
49,1,0,1.4480528098261405
49,1,1,4.776732094809914
49,1,2,5.3805260340383745
49,2,0,1.4480528098261405
49,2,1,5.782811388078944
49,2,2,6.299119234597608
49,3,0,1.4480528098261405
49,3,1,5.971673101520754
49,3,2,6.173161179140223
50,1,0,2.330836365900345
50,1,1,3.925847521023012
50,1,2,4.331608295190278
50,2,0,2.330836365900345
50,2,1,4.554447245213045
50,2,2,4.97034544574013
50,3,0,2.330836365900345
50,3,1,4.3549250209572365
50,3,2,5.142383616633761
51,1,0,2.7008235117675965
51,1,1,3.7448267020936696
51,1,2,4.0557244730396285
51,2,0,2.7008235117675965
51,2,1,4.809498436390195
51,2,2,5.131684829075745
51,3,0,2.7008235117675965
51,3,1,4.539353329772617
51,3,2,5.055435937027548
52,1,0,3.0270098669998484
52,1,1,4.309724293782839
52,1,2,4.674895011687842
52,2,0,3.0270098669998484
52,2,1,5.740348417233888
52,2,2,5.9619177224310285
52,3,0,3.0270098669998484
52,3,1,5.609336975112995
52,3,2,6.138450163364899
53,1,0,0.7824478236056259
53,1,1,3.274173387775215
53,1,2,4.038552630097884
53,2,0,0.7824478236056259
53,2,1,3.432875735428643
53,2,2,4.618397652086622
53,3,0,0.7824478236056259
53,3,1,3.858111590057387
53,3,2,4.509583272790818
54,1,0,1.7690028409676117
54,1,1,5.275270859966355
54,1,2,5.314936331971253
54,2,0,1.7690028409676117
54,2,1,5.20472506876627
54,2,2,5.263838190764842
54,3,0,1.7690028409676117
54,3,1,5.433285339468331
54,3,2,5.609051148170083
55,1,0,2.150000991235092
55,1,1,4.523684157763508
55,1,2,4.613448464385177
55,2,0,2.150000991235092
55,2,1,4.452154579084734
55,2,2,4.863972392667348
55,3,0,2.150000991235092
55,3,1,4.148560309870923
55,3,2,5.091366588856584
56,1,0,3.542285564508358
56,1,1,4.733505045310123
56,1,2,5.02747853201208
56,2,0,3.542285564508358
56,2,1,5.22707089969578
56,2,2,5.394564065967743
56,3,0,3.542285564508358
56,3,1,5.458709864396363
56,3,2,5.650101420128424
57,1,0,0.3263217667552911
57,1,1,2.9543710812934414
57,1,2,3.2515490497827515
57,2,0,0.3263217667552911
57,2,1,3.452078795193227
57,2,2,3.7848743666267355
57,3,0,0.3263217667552911
57,3,1,3.413734570042167
57,3,2,4.046058473310551
58,1,0,2.880300215735682
58,1,1,4.963349322867092
58,1,2,5.28558484375323
58,2,0,2.880300215735682
58,2,1,5.09367406281916
58,2,2,5.92047214412579
58,3,0,2.880300215735682
58,3,1,5.769256113320756
58,3,2,6.286916953917585
59,1,0,2.1618528041778555
59,1,1,3.9323795983143497
59,1,2,4.494938446890398
59,2,0,2.1618528041778555
59,2,1,4.500608345085106
59,2,2,4.628039153296986
59,3,0,2.1618528041778555
59,3,1,4.448317399265139
59,3,2,4.5769272303097015
60,1,0,1.1953131848640484
60,1,1,3.4551671111072553
60,1,2,4.121599768634114
60,2,0,1.1953131848640484
60,2,1,4.7293653955256225
60,2,2,5.026898436399495
60,3,0,1.1953131848640484
60,3,1,4.546139053835497
60,3,2,5.117768999202701
61,1,0,1.7483379839180364
61,1,1,3.8759489044098965
61,1,2,3.9263687440166564
61,2,0,1.7483379839180364
61,2,1,4.518582843938504
61,2,2,4.880885896406037
61,3,0,1.7483379839180364
61,3,1,4.779376656585001
61,3,2,5.213152374425146
62,1,0,1.5378329176740517
62,1,1,3.0910206608222683
62,1,2,3.6470822819336
62,2,0,1.5378329176740517
62,2,1,3.8036794727287777
62,2,2,4.985246505698885
62,3,0,1.5378329176740517
62,3,1,3.6214520879242533
62,3,2,4.8119773690336425
63,1,0,1.7130478933169133
63,1,1,5.121702172113495
63,1,2,5.5384578813655345
63,2,0,1.7130478933169133
63,2,1,5.2444654647604425
63,2,2,5.834981939704374
63,3,0,1.7130478933169133
63,3,1,5.2295323030317515
63,3,2,6.41395695893012
64,1,0,2.183902417393492
64,1,1,3.7887628336674988
64,1,2,4.391061929966301
64,2,0,2.183902417393492
64,2,1,4.119811285183661
64,2,2,4.721821635394199
64,3,0,2.183902417393492
64,3,1,4.206043449556094
64,3,2,4.699516424710139
65,1,0,0.9690833051988723
65,1,1,3.875363479165638
65,1,2,3.8917478719411003
65,2,0,0.9690833051988723
65,2,1,4.502983864204079
65,2,2,5.8314282977559815
65,3,0,0.9690833051988723
65,3,1,4.871046965479811
65,3,2,5.816533512524167
66,1,0,2.6159406347894167
66,1,1,3.5550005636715634
66,1,2,4.00384154295946
66,2,0,2.6159406347894167
66,2,1,3.824937522887505
66,2,2,4.542151971604321
66,3,0,2.6159406347894167
66,3,1,4.102866427058844
66,3,2,4.688109443626579
67,1,0,1.9988625204203774
67,1,1,5.53539687640022
67,1,2,5.843184534508537
67,2,0,1.9988625204203774
67,2,1,5.093567352500939
67,2,2,6.561497329883728
67,3,0,1.9988625204203774
67,3,1,5.915786278264992
67,3,2,6.785450643869535
68,1,0,1.0539511005530893
68,1,1,5.306543434443484
68,1,2,5.500639976501839
68,2,0,1.0539511005530893
68,2,1,5.88655140636574
68,2,2,6.206422789502964
68,3,0,1.0539511005530893
68,3,1,5.99232267078742
68,3,2,6.316495220115193
69,1,0,2.5176343687090843
69,1,1,4.356721886939274
69,1,2,4.413112851816196
69,2,0,2.5176343687090843
69,2,1,4.946617743173523
69,2,2,5.2172482194864465
69,3,0,2.5176343687090843
69,3,1,4.717895214877165
69,3,2,5.03852141248875
